{
    "name": "hopo:room/dark_oak_mineshaft",
    "fallback": "hopo:dark_oak_mineshaft",
    "elements": [
        {
            "weight": 32,
            "element": {
                "element_type": "minecraft:single_pool_element",
                "location": "hopo:mineshaft/dark_oak/room_amethyst",
                "projection": "rigid",
                "processors": "hopo:dark_oak/degraded"
            }
        },
        {
            "weight": 32,
            "element": {
                "element_type": "minecraft:single_pool_element",
                "location": "hopo:mineshaft/dark_oak/room_archer",
                "projection": "rigid",
                "processors": "hopo:dark_oak/degraded"
            }
        },
        {
            "weight": 32,
            "element": {
                "element_type": "minecraft:single_pool_element",
                "location": "hopo:mineshaft/dark_oak/room_armor",
                "projection": "rigid",
                "processors": "hopo:dark_oak/degraded"
            }
        },
        {
            "weight": 32,
            "element": {
                "element_type": "minecraft:single_pool_element",
                "location": "hopo:mineshaft/dark_oak/room_bedroom",
                "projection": "rigid",
                "processors": "hopo:dark_oak/degraded"
            }
        },
        {
            "weight": 32,
            "element": {
                "element_type": "minecraft:single_pool_element",
                "location": "hopo:mineshaft/dark_oak/room_bedroom_1",
                "projection": "rigid",
                "processors": "hopo:dark_oak/degraded"
            }
        },
        {
            "weight": 32,
            "element": {
                "element_type": "minecraft:single_pool_element",
                "location": "hopo:mineshaft/dark_oak/room_bedroom_2",
                "projection": "rigid",
                "processors": "hopo:dark_oak/degraded"
            }
        },
        {
            "weight": 32,
            "element": {
                "element_type": "minecraft:single_pool_element",
                "location": "hopo:mineshaft/dark_oak/room_bedroom_3",
                "projection": "rigid",
                "processors": "hopo:dark_oak/degraded"
            }
        },
        {
            "weight": 32,
            "element": {
                "element_type": "minecraft:single_pool_element",
                "location": "hopo:mineshaft/dark_oak/room_books",
                "projection": "rigid",
                "processors": "hopo:dark_oak/degraded"
            }
        },
        {
            "weight": 32,
            "element": {
                "element_type": "minecraft:single_pool_element",
                "location": "hopo:mineshaft/dark_oak/room_brown_mushroom",
                "projection": "rigid",
                "processors": "hopo:dark_oak/degraded"
            }
        },
        {
            "weight": 32,
            "element": {
                "element_type": "minecraft:single_pool_element",
                "location": "hopo:mineshaft/dark_oak/room_copper",
                "projection": "rigid",
                "processors": "hopo:dark_oak/degraded_copper"
            }
        },
        {
            "weight": 32,
            "element": {
                "element_type": "minecraft:single_pool_element",
                "location": "hopo:mineshaft/dark_oak/room_crafting",
                "projection": "rigid",
                "processors": "hopo:dark_oak/degraded"
            }
        },
        {
            "weight": 32,
            "element": {
                "element_type": "minecraft:single_pool_element",
                "location": "hopo:mineshaft/dark_oak/room_emerald",
                "projection": "rigid",
                "processors": "hopo:dark_oak/degraded_emerald"
            }
        },
        {
            "weight": 32,
            "element": {
                "element_type": "minecraft:single_pool_element",
                "location": "hopo:mineshaft/dark_oak/room_food",
                "projection": "rigid",
                "processors": "hopo:dark_oak/degraded"
            }
        },
        {
            "weight": 10,
            "element": {
                "element_type": "minecraft:single_pool_element",
                "location": "hopo:mineshaft/dark_oak/room_fossils",
                "projection": "rigid",
                "processors": "hopo:dark_oak/degraded_fossils"
            }
        },
        {
            "weight": 10,
            "element": {
                "element_type": "minecraft:single_pool_element",
                "location": "hopo:mineshaft/dark_oak/room_fossils_1",
                "projection": "rigid",
                "processors": "hopo:dark_oak/degraded_fossils"
            }
        },
        {
            "weight": 10,
            "element": {
                "element_type": "minecraft:single_pool_element",
                "location": "hopo:mineshaft/dark_oak/room_fossils_2",
                "projection": "rigid",
                "processors": "hopo:dark_oak/degraded_fossils"
            }
        },
        {
            "weight": 10,
            "element": {
                "element_type": "minecraft:single_pool_element",
                "location": "hopo:mineshaft/dark_oak/room_fossils_3",
                "projection": "rigid",
                "processors": "hopo:dark_oak/degraded_fossils"
            }
        },
        {
            "weight": 32,
            "element": {
                "element_type": "minecraft:single_pool_element",
                "location": "hopo:mineshaft/dark_oak/room_gold",
                "projection": "rigid",
                "processors": "hopo:dark_oak/degraded_gold"
            }
        },
        {
            "weight": 32,
            "element": {
                "element_type": "minecraft:single_pool_element",
                "location": "hopo:mineshaft/dark_oak/room_iron",
                "projection": "rigid",
                "processors": "hopo:dark_oak/degraded_iron"
            }
        },
        {
            "weight": 32,
            "element": {
                "element_type": "minecraft:single_pool_element",
                "location": "hopo:mineshaft/dark_oak/room_lapis",
                "projection": "rigid",
                "processors": "hopo:dark_oak/degraded_lapis"
            }
        },
        {
            "weight": 32,
            "element": {
                "element_type": "minecraft:single_pool_element",
                "location": "hopo:mineshaft/dark_oak/room_potions",
                "projection": "rigid",
                "processors": "hopo:dark_oak/degraded"
            }
        },
        {
            "weight": 32,
            "element": {
                "element_type": "minecraft:single_pool_element",
                "location": "hopo:mineshaft/dark_oak/room_prison",
                "projection": "rigid",
                "processors": "hopo:dark_oak/degraded"
            }
        },
        {
            "weight": 32,
            "element": {
                "element_type": "minecraft:single_pool_element",
                "location": "hopo:mineshaft/dark_oak/room_red_mushroom",
                "projection": "rigid",
                "processors": "hopo:dark_oak/degraded"
            }
        },
        {
            "weight": 32,
            "element": {
                "element_type": "minecraft:single_pool_element",
                "location": "hopo:mineshaft/dark_oak/room_redstone",
                "projection": "rigid",
                "processors": "hopo:dark_oak/degraded_redstone"
            }
        },
        {
            "weight": 32,
            "element": {
                "element_type": "minecraft:single_pool_element",
                "location": "hopo:mineshaft/dark_oak/room_rip",
                "projection": "rigid",
                "processors": "hopo:dark_oak/degraded"
            }
        },
        {
            "weight": 32,
            "element": {
                "element_type": "minecraft:single_pool_element",
                "location": "hopo:mineshaft/dark_oak/room_smelting",
                "projection": "rigid",
                "processors": "hopo:dark_oak/degraded"
            }
        },
        {
            "weight": 32,
            "element": {
                "element_type": "minecraft:single_pool_element",
                "location": "hopo:mineshaft/dark_oak/room_tnt",
                "projection": "rigid",
                "processors": "hopo:dark_oak/degraded"
            }
        },
        {
            "weight": 32,
            "element": {
                "element_type": "minecraft:single_pool_element",
                "location": "hopo:mineshaft/dark_oak/room_tools",
                "projection": "rigid",
                "processors": "hopo:dark_oak/degraded"
            }
        },
        {
            "weight": 32,
            "element": {
                "element_type": "minecraft:single_pool_element",
                "location": "hopo:mineshaft/dark_oak/room_weapons",
                "projection": "rigid",
                "processors": "hopo:dark_oak/degraded"
            }
        },
        {
            "weight": 10,
            "element": {
                "element_type": "minecraft:single_pool_element",
                "location": "hopo:mineshaft/dark_oak/room_diamonds",
                "projection": "rigid",
                "processors": "hopo:dark_oak/degraded_diamond"
            }
        },
        {
            "weight": 9,
            "element": {
                "element_type": "minecraft:single_pool_element",
                "location": "hopo:mineshaft/dark_oak/big_rooms/farm_beetroot",
                "projection": "rigid",
                "processors": "hopo:dark_oak/degraded"
            }
        },
        {
            "weight": 9,
            "element": {
                "element_type": "minecraft:single_pool_element",
                "location": "hopo:mineshaft/dark_oak/big_rooms/farm_carrot",
                "projection": "rigid",
                "processors": "hopo:dark_oak/degraded"
            }
        },
        {
            "weight": 9,
            "element": {
                "element_type": "minecraft:single_pool_element",
                "location": "hopo:mineshaft/dark_oak/big_rooms/farm_melon",
                "projection": "rigid",
                "processors": "hopo:dark_oak/degraded"
            }
        },
        {
            "weight": 9,
            "element": {
                "element_type": "minecraft:single_pool_element",
                "location": "hopo:mineshaft/dark_oak/big_rooms/farm_potato",
                "projection": "rigid",
                "processors": "hopo:dark_oak/degraded"
            }
        },
        {
            "weight": 9,
            "element": {
                "element_type": "minecraft:single_pool_element",
                "location": "hopo:mineshaft/dark_oak/big_rooms/farm_pumpkin",
                "projection": "rigid",
                "processors": "hopo:dark_oak/degraded"
            }
        },
        {
            "weight": 9,
            "element": {
                "element_type": "minecraft:single_pool_element",
                "location": "hopo:mineshaft/dark_oak/big_rooms/farm_wheat",
                "projection": "rigid",
                "processors": "hopo:dark_oak/degraded"
            }
        },
        {
            "weight": 32,
            "element": {
                "element_type": "minecraft:single_pool_element",
                "location": "hopo:mineshaft/dark_oak/big_rooms/archer",
                "projection": "rigid",
                "processors": "hopo:dark_oak/degraded"
            }
        },
        {
            "weight": 32,
            "element": {
                "element_type": "minecraft:single_pool_element",
                "location": "hopo:mineshaft/dark_oak/big_rooms/camp",
                "projection": "rigid",
                "processors": "hopo:dark_oak/degraded"
            }
        },
        {
            "weight": 10,
            "element": {
                "element_type": "minecraft:single_pool_element",
                "location": "hopo:mineshaft/dark_oak/big_rooms/copper",
                "projection": "rigid",
                "processors": "hopo:dark_oak/degraded"
            }
        },
        {
            "weight": 32,
            "element": {
                "element_type": "minecraft:single_pool_element",
                "location": "hopo:mineshaft/dark_oak/big_rooms/iron_golem",
                "projection": "rigid",
                "processors": "hopo:dark_oak/degraded"
            }
        },
        {
            "weight": 10,
            "element": {
                "element_type": "minecraft:single_pool_element",
                "location": "hopo:mineshaft/dark_oak/big_rooms/map",
                "projection": "rigid",
                "processors": "hopo:dark_oak/degraded"
            }
        },
        {
            "weight": 32,
            "element": {
                "element_type": "minecraft:single_pool_element",
                "location": "hopo:mineshaft/dark_oak/big_rooms/music",
                "projection": "rigid",
                "processors": "hopo:dark_oak/degraded"
            }
        },
        {
            "weight": 32,
            "element": {
                "element_type": "minecraft:single_pool_element",
                "location": "hopo:mineshaft/dark_oak/big_rooms/portal",
                "projection": "rigid",
                "processors": "hopo:dark_oak/big_rooms/portal"
            }
        },
        {
            "weight": 32,
            "element": {
                "element_type": "minecraft:single_pool_element",
                "location": "hopo:mineshaft/dark_oak/big_rooms/potions",
                "projection": "rigid",
                "processors": "hopo:dark_oak/degraded"
            }
        },
        {
            "weight": 32,
            "element": {
                "element_type": "minecraft:single_pool_element",
                "location": "hopo:mineshaft/dark_oak/big_rooms/prison",
                "projection": "rigid",
                "processors": "hopo:dark_oak/degraded"
            }
        },
        {
            "weight": 32,
            "element": {
                "element_type": "minecraft:single_pool_element",
                "location": "hopo:mineshaft/dark_oak/big_rooms/r_anchor",
                "projection": "rigid",
                "processors": "hopo:dark_oak/degraded"
            }
        },
        {
            "weight": 32,
            "element": {
                "element_type": "minecraft:single_pool_element",
                "location": "hopo:mineshaft/dark_oak/big_rooms/stews",
                "projection": "rigid",
                "processors": "hopo:dark_oak/degraded"
            }
        },
        {
            "weight": 70,
            "element": {
                "element_type": "minecraft:single_pool_element",
                "location": "hopo:mineshaft/dark_oak/big_rooms/villager_toolsmith",
                "projection": "rigid",
                "processors": "hopo:dark_oak/degraded"
            }
        },
        {
            "weight": 70,
            "element": {
                "element_type": "minecraft:single_pool_element",
                "location": "hopo:mineshaft/dark_oak/big_rooms/villager_weaponsmith",
                "projection": "rigid",
                "processors": "hopo:dark_oak/degraded"
            }
        },
        {
            "weight": 100,
            "element": {
                "element_type": "minecraft:single_pool_element",
                "location": "hopo:mineshaft/dark_oak/big_rooms/biomes_map/taiga",
                "projection": "rigid",
                "processors": "hopo:dark_oak/degraded"
            }
        },
        {
            "weight": 100,
            "element": {
                "element_type": "minecraft:single_pool_element",
                "location": "hopo:mineshaft/dark_oak/big_rooms/biomes_map/pale_garden",
                "projection": "rigid",
                "processors": "hopo:dark_oak/degraded"
            }
        }
    ]
}