{
    "name": "hopo:stone_mineshaft",
    "fallback": "minecraft:empty",
    "elements": [
        {
            "weight": 80,
            "element": {
                "element_type": "minecraft:single_pool_element",
                "location": "hopo:mineshaft/stone/path",
                "projection": "rigid",
                "processors": "hopo:stone/degraded"
            }
        },
        {
            "weight": 94,
            "element": {
                "element_type": "minecraft:single_pool_element",
                "location": "hopo:mineshaft/stone/path_alt",
                "projection": "rigid",
                "processors": "hopo:stone/degraded"
            }
        },
        {
            "weight": 94,
            "element": {
                "element_type": "minecraft:single_pool_element",
                "location": "hopo:mineshaft/stone/path_small_1",
                "projection": "rigid",
                "processors": "hopo:stone/degraded"
            }
        },
        {
            "weight": 94,
            "element": {
                "element_type": "minecraft:single_pool_element",
                "location": "hopo:mineshaft/stone/path_small_2",
                "projection": "rigid",
                "processors": "hopo:stone/degraded"
            }
        },
        {
            "weight": 94,
            "element": {
                "element_type": "minecraft:single_pool_element",
                "location": "hopo:mineshaft/stone/path_small_3",
                "projection": "rigid",
                "processors": "hopo:stone/degraded"
            }
        },
        {
            "weight": 94,
            "element": {
                "element_type": "minecraft:single_pool_element",
                "location": "hopo:mineshaft/stone/path_small_4",
                "projection": "rigid",
                "processors": "hopo:stone/degraded"
            }
        },
        {
            "weight": 94,
            "element": {
                "element_type": "minecraft:single_pool_element",
                "location": "hopo:mineshaft/stone/path_small_5",
                "projection": "rigid",
                "processors": "hopo:stone/degraded"
            }
        },
        {
            "weight": 94,
            "element": {
                "element_type": "minecraft:single_pool_element",
                "location": "hopo:mineshaft/stone/path_small_6",
                "projection": "rigid",
                "processors": "hopo:stone/degraded"
            }
        },
        {
            "weight": 94,
            "element": {
                "element_type": "minecraft:single_pool_element",
                "location": "hopo:mineshaft/stone/path_small_7",
                "projection": "rigid",
                "processors": "hopo:stone/degraded"
            }
        },
        {
            "weight": 94,
            "element": {
                "element_type": "minecraft:single_pool_element",
                "location": "hopo:mineshaft/stone/path_small_8",
                "projection": "rigid",
                "processors": "hopo:stone/degraded"
            }
        },
        {
            "weight": 94,
            "element": {
                "element_type": "minecraft:single_pool_element",
                "location": "hopo:mineshaft/stone/path_small_9",
                "projection": "rigid",
                "processors": "hopo:stone/degraded"
            }
        },
        {
            "weight": 94,
            "element": {
                "element_type": "minecraft:single_pool_element",
                "location": "hopo:mineshaft/stone/path_1",
                "projection": "rigid",
                "processors": "hopo:stone/degraded"
            }
        },
        {
            "weight": 94,
            "element": {
                "element_type": "minecraft:single_pool_element",
                "location": "hopo:mineshaft/stone/path_1_alt",
                "projection": "rigid",
                "processors": "hopo:stone/degraded"
            }
        },
        {
            "weight": 90,
            "element": {
                "element_type": "minecraft:single_pool_element",
                "location": "hopo:mineshaft/stone/pathlong_1",
                "projection": "rigid",
                "processors": "hopo:stone/degraded"
            }
        },
        {
            "weight": 90,
            "element": {
                "element_type": "minecraft:single_pool_element",
                "location": "hopo:mineshaft/stone/pathlong_2",
                "projection": "rigid",
                "processors": "hopo:stone/degraded"
            }
        },
        {
            "weight": 100,
            "element": {
                "element_type": "minecraft:single_pool_element",
                "location": "hopo:mineshaft/stone/pathlong_3",
                "projection": "rigid",
                "processors": "hopo:stone/degraded"
            }
        },
        {
            "weight": 88,  
            "element": {
                "element_type": "minecraft:single_pool_element",
                "location": "hopo:mineshaft/stone/pathlong_4",
                "projection": "rigid",
                "processors": "hopo:stone/degraded"
            }
        },
        {
            "weight": 75,
            "element": {
                "element_type": "minecraft:single_pool_element",
                "location": "hopo:mineshaft/stone/pathlong_5",
                "projection": "rigid",
                "processors": "hopo:stone/degraded"
            }
        },
        {
            "weight": 90,
            "element": {
                "element_type": "minecraft:single_pool_element",
                "location": "hopo:mineshaft/stone/pathlong_6",
                "projection": "rigid",
                "processors": "hopo:stone/minecart_degraded"
            }
        },
        {
            "weight": 15,
            "element": {
                "element_type": "minecraft:single_pool_element",
                "location": "hopo:mineshaft/stone/trap/trap_1",
                "projection": "rigid",
                "processors": "hopo:stone/degraded"
            }
        },
        {
            "weight": 15,
            "element": {
                "element_type": "minecraft:single_pool_element",
                "location": "hopo:mineshaft/stone/trap/trap_2",
                "projection": "rigid",
                "processors": "hopo:stone/degraded"
            }
        },
        {
            "weight": 15,
            "element": {
                "element_type": "minecraft:single_pool_element",
                "location": "hopo:mineshaft/stone/trap/trap_3",
                "projection": "rigid",
                "processors": "hopo:stone/degraded"
            }
        },
        {
            "weight": 15,
            "element": {
                "element_type": "minecraft:single_pool_element",
                "location": "hopo:mineshaft/stone/trap/trap_4",
                "projection": "rigid",
                "processors": "hopo:stone/degraded"
            }
        },
        {
            "weight": 15,
            "element": {
                "element_type": "minecraft:single_pool_element",
                "location": "hopo:mineshaft/stone/trap/trap_5",
                "projection": "rigid",
                "processors": "hopo:stone/degraded"
            }
        },
        {
            "weight": 75,
            "element": {
                "element_type": "minecraft:single_pool_element",
                "location": "hopo:mineshaft/stone/entrance",
                "projection": "rigid",
                "processors": "hopo:stone/degraded"
            }
        },
        {
            "weight": 50,
            "element": {
                "element_type": "minecraft:single_pool_element",
                "location": "hopo:mineshaft/stone/entrance_alt",
                "projection": "rigid",
                "processors": "hopo:stone/degraded"
            }
        },
        {
            "weight": 45,
            "element": {
                "element_type": "minecraft:single_pool_element",
                "location": "hopo:mineshaft/stone/entrance_1",
                "projection": "rigid",
                "processors": "hopo:stone/degradedentrance"
            }
        },
        {
            "weight": 80,
            "element": {
                "element_type": "minecraft:single_pool_element",
                "location": "hopo:mineshaft/stone/entrance_1_alt",
                "projection": "rigid",
                "processors": "hopo:stone/degraded"
            }
        },
        {
            "weight": 90,
            "element": {
                "element_type": "minecraft:single_pool_element",
                "location": "hopo:mineshaft/stone/turn",
                "projection": "rigid",
                "processors": "hopo:stone/degradeddown"
            }
        },
        {
            "weight": 90,
            "element": {
                "element_type": "minecraft:single_pool_element",
                "location": "hopo:mineshaft/stone/turn_1",
                "projection": "rigid",
                "processors": "hopo:stone/degradeddown"
            }
        },
        {
            "weight": 90,
            "element": {
                "element_type": "minecraft:single_pool_element",
                "location": "hopo:mineshaft/stone/turn_2",
                "projection": "rigid",
                "processors": "hopo:stone/degradeddown"
            }
        },
        {
            "weight": 27,
            "element": {
                "element_type": "minecraft:single_pool_element",
                "location": "hopo:mineshaft/stone/down_1",
                "projection": "rigid",
                "processors": "hopo:stone/degraded"
            }
        },
        {
            "weight": 29,
            "element": {
                "element_type": "minecraft:single_pool_element",
                "location": "hopo:mineshaft/stone/down_2",
                "projection": "rigid",
                "processors": "hopo:stone/degradeddown"
            }
        },
        {
            "weight": 37,
            "element": {
                "element_type": "minecraft:single_pool_element",
                "location": "hopo:mineshaft/stone/down_3",
                "projection": "rigid",
                "processors": "hopo:stone/degradeddown"
            }
        },
        {
            "weight": 20,
            "element": {
                "element_type": "minecraft:single_pool_element",
                "location": "hopo:mineshaft/stone/down_4",
                "projection": "rigid",
                "processors": "hopo:stone/degradeddown"
            }
        },
        {
            "weight": 38,
            "element": {
                "element_type": "minecraft:single_pool_element",
                "location": "hopo:mineshaft/stone/down_5",
                "projection": "rigid",
                "processors": "hopo:stone/degradeddown"
            }
        }
    ]
}