{
	"pools": [
	  {
		"rolls": {
		  "min": 4,
		  "max": 6
		},
		"entries": [
		  {
			"type": "minecraft:loot_table",
			"value": "hopo:chests/mineshaft/abandoned_miners_stuff",
			"weight": 7
		  },
		  {
			"type": "minecraft:item",
			"name": "minecraft:mycelium",
			"weight": 1,
			"functions": [
			  {
				"function": "minecraft:set_count",
				"count": {
				  "min": 0,
				  "max": 1
				},
				"add": false
			  }
			]
		  },
		  {
			"type": "minecraft:item",
			"name": "minecraft:brown_mushroom_block",
			"weight": 6,
			"functions": [
			  {
				"function": "minecraft:set_count",
				"count": {
				  "min": 1,
				  "max": 2
				},
				"add": false
			  }
			]
		  },
		  {
			"type": "minecraft:item",
			"name": "minecraft:brown_mushroom",
			"weight": 8,
			"functions": [
			  {
				"function": "minecraft:set_count",
				"count": {
				  "min": 1,
				  "max": 4
				},
				"add": false
			  }
			]
		  }
		]
	  }
	],
	"random_sequence": "hopo:chests/mineshaft/base/brown_mushroom"
  }