{
    "replace": false,
    "values": [
        "minecraft:badlands",
        "minecraft:wooded_badlands",
        "minecraft:dark_forest",
        {"id": "terralith:cave/andesite_caves", "required": false},
        {"id": "terralith:cave/diorite_caves", "required": false},
        {"id": "terralith:cave/granite_caves", "required": false},
        {"id": "regions_unexplored:blackwood_taiga", "required": false},
        {"id": "regions_unexplored:boreal_taiga", "required": false},
        {"id": "regions_unexplored:cold_boreal_taiga", "required": false},
        {"id": "regions_unexplored:frozen_pine_taiga", "required": false},
        {"id": "regions_unexplored:golden_boreal_taiga", "required": false},
        {"id": "regions_unexplored:icy_heights", "required": false},
        {"id": "regions_unexplored:mountains", "required": false},
        {"id": "regions_unexplored:pine_slopes", "required": false},
        {"id": "regions_unexplored:pine_taiga", "required": false},
        {"id": "regions_unexplored:redwoods", "required": false},
        {"id": "regions_unexplored:sparse_redwoods", "required": false},
        {"id": "regions_unexplored:spires", "required": false},
        {"id": "regions_unexplored:towering_cliffs", "required": false},
        {"id": "clifftree:cold_caves", "required": false},
        {"id": "clifftree:frozen_caves", "required": false}
    ]
}