{
  "type": "minecraft:chest",
  "pools": [
    {
      "rolls": 10,
      "entries": [
        {
          "type": "minecraft:item",
          "name": "minecraft:book",
          "weight": 10
         
        },
        {
          "type": "minecraft:item",
          "name": "minecraft:paper",
          "weight": 30
         
        },
        {
          "type": "minecraft:item",
          "name": "minecraft:writable_book",
          "weight": 4
         
        },
        {
          "type": "minecraft:item",
          "name": "minecraft:map",
          "weight": 4
         
        },
        {
          "type": "minecraft:item",
          "name": "minecraft:spyglass",
          "weight": 2
         
        },
        {
          "type": "minecraft:item",
          "name": "minecraft:compass",
          "weight": 4
         
        },
     
        {
          "type": "minecraft:item",
          "name": "minecraft:cobweb",
          "weight": 20
        }
      ]
    },
    {
      "rolls": 1,
      "entries": [
          {
          "type": "minecraft:item",
          "functions": [
            {
              "function": "minecraft:enchant_randomly",
              "options": "#minecraft:on_random_loot"
            }
          ],
          "name": "minecraft:book",
          "weight": 1
        }
      ]
    }
  ]
}
