{
    "pools": [
        {
            "rolls": {
                "min": 2,
                "max": 5
            },
            "entries": [
                {
                    "type": "minecraft:item",
                    "weight": 4,
                    "name": "minecraft:emerald",
                    "functions": [
                        {
                            "function": "minecraft:set_count",
                            "count": {
                                "min": 1,
                                "max": 3
                            },
                            "add": false
                        }
                    ]
                },
                {
                    "type": "minecraft:item",
                    "weight": 4,
                    "name": "minecraft:raw_iron",
                    "functions": [
                        {
                            "function": "minecraft:set_count",
                            "count": {
                                "min": 1,
                                "max": 3
                            },
                            "add": false
                        }
                    ]
                },
                {
                    "type": "minecraft:item",
                    "weight": 1,
                    "name": "minecraft:iron_pickaxe",
                    "functions": [
                        {
                            "function": "minecraft:set_damage",
                            "damage": {
                                "min": 0.2,
                                "max": 0.6
                            },
                            "add": false
                        }
                    ]
                },
                {
                    "type": "minecraft:item",
                    "weight": 3,
                    "name": "minecraft:experience_bottle",
                    "functions": [
                        {
                            "function": "minecraft:set_count",
                            "count": {
                                "min": 1,
                                "max": 3
                            },
                            "add": false
                        }
                    ]
                }
            ]
        }
    ],
    "random_sequence": "hopo:entities/mineshaft/vindicator_miner"
}