{
  "type": "minecraft:chest",
  "pools": [
    {
      "bonus_rolls": 0,
      "entries": [
        {
          "type": "minecraft:item",
          "functions": [
            {
              "add": false,
              "count": 1,
              "function": "minecraft:set_count"
            },
            {
              "function": "minecraft:set_potion",
              "id": "minecraft:strong_slowness"
            }
          ],
          "name": "minecraft:lingering_potion"
        },
        {
          "type": "minecraft:item",
          "functions": [
            {
              "add": false,
              "count": 1,
              "function": "minecraft:set_count"
            },
            {
              "function": "minecraft:set_potion",
              "id": "minecraft:weaving"
            }
          ],
          "name": "minecraft:lingering_potion"
        },
        {
          "type": "minecraft:item",
          "functions": [
            {
              "add": false,
              "count": 1,
              "function": "minecraft:set_count"
            },
            {
              "function": "minecraft:set_potion",
              "id": "minecraft:strong_harming"
            }
          ],
          "name": "minecraft:lingering_potion"
        },
        {
          "type": "minecraft:item",
          "functions": [
            {
              "add": false,
              "count": 1,
              "function": "minecraft:set_count"
            },
            {
              "function": "minecraft:set_potion",
              "id": "minecraft:infested"
            }
          ],
          "name": "minecraft:lingering_potion"
        },
        {
          "type": "minecraft:item",
          "functions": [
            {
              "add": false,
              "count": 1,
              "function": "minecraft:set_count"
            },
            {
              "function": "minecraft:set_components",
              "components": {
                "minecraft:potion_contents": {
                  "custom_name": "Lingering Potion of Blindness",
                  "custom_effects": [
                    {
                      "id": "minecraft:blindness",
                      "duration": 222
                    }
                  ]
                }
              }
            }
          ],
          "name": "minecraft:lingering_potion"
        }
      ],
      "rolls": 4
    }
  ],
  "random_sequence": "hopo:spawners/mineshaft/items_to_drop_when_ominous_mineshafthopo"
}