{       
    "name": "hopo:minecart/stone_mineshaft",
    "fallback": "hopo:stone_mineshaft",
    "elements": [
        {
            "weight": 50,
            "element": {
                "element_type": "minecraft:single_pool_element",
                "location": "hopo:mineshaft/stone/minecart/path_1",
                "projection": "rigid",
                "processors": "hopo:stone/minecart_degraded"
            }
        },
        {
            "weight": 50,
            "element": {
                "element_type": "minecraft:single_pool_element",
                "location": "hopo:mineshaft/stone/minecart/path_2",
                "projection": "rigid",
                "processors": "hopo:stone/minecart_degraded"
            }
        },
        {
            "weight": 50,
            "element": {
                "element_type": "minecraft:single_pool_element",
                "location": "hopo:mineshaft/stone/minecart/path_1_sculk",
                "projection": "rigid",
                "processors": "hopo:stone/minecart_degraded"
            }
        },
        {
            "weight": 50,
            "element": {
                "element_type": "minecraft:single_pool_element",
                "location": "hopo:mineshaft/stone/minecart/path_2_sculk",
                "projection": "rigid",
                "processors": "hopo:stone/minecart_degraded"
            }
        },
        {
            "weight": 100,
            "element": {
                "element_type": "minecraft:single_pool_element",
                "location": "hopo:mineshaft/stone/minecart/path_1_down",
                "projection": "rigid",
                "processors": "hopo:stone/minecart_degraded"
            }
        },
        {
            "weight": 100,
            "element": {
                "element_type": "minecraft:single_pool_element",
                "location": "hopo:mineshaft/stone/minecart/path_2_down",
                "projection": "rigid",
                "processors": "hopo:stone/minecart_degraded"
            }
        },
        {
            "weight": 100,
            "element": {
                "element_type": "minecraft:single_pool_element",
                "location": "hopo:mineshaft/stone/minecart/path_1_down_sculk",
                "projection": "rigid",
                "processors": "hopo:stone/minecart_degraded"
            }
        },
        {
            "weight": 100,
            "element": {
                "element_type": "minecraft:single_pool_element",
                "location": "hopo:mineshaft/stone/minecart/path_2_down_sculk",
                "projection": "rigid",
                "processors": "hopo:stone/minecart_degraded"
            }
        },
        {
            "weight": 100,
            "element": {
                "element_type": "minecraft:single_pool_element",
                "location": "hopo:mineshaft/stone/minecart/connector_1",
                "projection": "rigid",
                "processors": "hopo:stone/degraded"
            }
        },
        {
            "weight": 100,
            "element": {
                "element_type": "minecraft:single_pool_element",
                "location": "hopo:mineshaft/stone/minecart/connector_2",
                "projection": "rigid",
                "processors": "hopo:stone/degraded"
            }
        }
    ]
}