{
  "name": "revampedvillages:outpost/illager",
  "fallback": "minecraft:empty",
  "elements": [
    {
      "weight": 20,
      "element": {
        "location": "revampedvillages:entities/pillager",
        "processors": "minecraft:empty",
		"projection": "terrain_matching",
        "element_type": "minecraft:legacy_single_pool_element"
      }
    },  
    {
      "weight": 10,
      "element": {
        "location": "revampedvillages:entities/vindicator",
        "processors": "minecraft:empty",
		"projection": "terrain_matching",
        "element_type": "minecraft:legacy_single_pool_element"
      }
    },  
    {
      "weight": 10,
      "element": {
        "location": "revampedvillages:entities/witch",
        "processors": "minecraft:empty",
		"projection": "terrain_matching",
        "element_type": "minecraft:legacy_single_pool_element"
      }
    },  
    {
      "weight": 4,
      "element": {
        "location": "revampedvillages:entities/evoker",
        "processors": "minecraft:empty",
		"projection": "terrain_matching",
        "element_type": "minecraft:legacy_single_pool_element"
      }
    }
  ]
}