{
  "name": "revampedvillages:mansion/main",
  "fallback": "minecraft:empty",
  "elements": [
	{
      "weight": 20,
      "element": {
        "location": "revampedvillages:mansion/bottom_front_left",
        "processors": "minecraft:empty",
		"projection": "rigid",
        "element_type": "minecraft:single_pool_element"
      }
    },
    {
      "weight": 20,
      "element": {
        "location": "revampedvillages:mansion/bottom_back_left",
        "processors": "minecraft:empty",
		"projection": "rigid",
        "element_type": "minecraft:single_pool_element"
      }
    },
    {
      "weight": 20,
      "element": {
        "location": "revampedvillages:mansion/bottom_front_right",
        "processors": "minecraft:empty",
		"projection": "rigid",
        "element_type": "minecraft:single_pool_element"
      }
    },
    {
      "weight": 20,
      "element": {
        "location": "revampedvillages:mansion/bottom_back_right",
        "processors": "minecraft:empty",
		"projection": "rigid",
        "element_type": "minecraft:single_pool_element"
      }
    },
    {
      "weight": 20,
      "element": {
        "location": "revampedvillages:mansion/top",
        "processors": "minecraft:empty",
		"projection": "rigid",
        "element_type": "minecraft:single_pool_element"
      }
    }
  ]
}

