{
    "pools": [
        {
            "rolls": {
                "min": 2,
                "max": 4
            },
            "bonus_rolls": 0,
            "entries": [
                {
                    "type": "minecraft:item",
                    "name": "minecraft:tipped_arrow",
                    "functions": [
                        {
                            "function": "minecraft:set_count",
                            "count": {
                                "min": 2,
                                "max": 12
                            },
                            "add": false
                        },
                        {
                            "function": "minecraft:set_potion",
                            "id": "minecraft:slow_falling"
                        }
                    ]
                },
                {
                    "type": "minecraft:item",
                    "name": "minecraft:tipped_arrow",
                    "functions": [
                        {
                            "function": "minecraft:set_count",
                            "count": {
                                "min": 2,
                                "max": 12
                            },
                            "add": false
                        },
                        {
                            "function": "minecraft:set_potion",
                            "id": "minecraft:weakness"
                        }
                    ]
                },
                {
                    "type": "minecraft:item",
                    "name": "minecraft:tipped_arrow",
                    "functions": [
                        {
                            "function": "minecraft:set_count",
                            "count": {
                                "min": 2,
                                "max": 12
                            },
                            "add": false
                        },
                        {
                            "function": "minecraft:set_potion",
                            "id": "minecraft:strength"
                        }
                    ]
                },
                {
                    "type": "minecraft:item",
                    "name": "minecraft:tipped_arrow",
                    "functions": [
                        {
                            "function": "minecraft:set_count",
                            "count": {
                                "min": 2,
                                "max": 12
                            },
                            "add": false
                        },
                        {
                            "function": "minecraft:set_potion",
                            "id": "minecraft:regeneration"
                        }
                    ]
                },
                {
                    "type": "minecraft:item",
                    "name": "minecraft:tipped_arrow",
                    "functions": [
                        {
                            "function": "minecraft:set_count",
                            "count": {
                                "min": 2,
                                "max": 12
                            },
                            "add": false
                        },
                        {
                            "function": "minecraft:set_potion",
                            "id": "minecraft:poison"
                        }
                    ]
                },
                {
                    "type": "minecraft:item",
                    "name": "minecraft:tipped_arrow",
                    "functions": [
                        {
                            "function": "minecraft:set_count",
                            "count": {
                                "min": 2,
                                "max": 12
                            },
                            "add": false
                        },
                        {
                            "function": "minecraft:set_potion",
                            "id": "minecraft:harming"
                        }
                    ]
                },
                {
                    "type": "minecraft:item",
                    "name": "minecraft:tipped_arrow",
                    "functions": [
                        {
                            "function": "minecraft:set_count",
                            "count": {
                                "min": 2,
                                "max": 12
                            },
                            "add": false
                        },
                        {
                            "function": "minecraft:set_potion",
                            "id": "minecraft:healing"
                        }
                    ]
                },
                {
                    "type": "minecraft:item",
                    "name": "minecraft:tipped_arrow",
                    "functions": [
                        {
                            "function": "minecraft:set_count",
                            "count": {
                                "min": 2,
                                "max": 12
                            },
                            "add": false
                        },
                        {
                            "function": "minecraft:set_potion",
                            "id": "minecraft:water_breathing"
                        }
                    ]
                },
                {
                    "type": "minecraft:item",
                    "name": "minecraft:tipped_arrow",
                    "functions": [
                        {
                            "function": "minecraft:set_count",
                            "count": {
                                "min": 2,
                                "max": 12
                            },
                            "add": false
                        },
                        {
                            "function": "minecraft:set_potion",
                            "id": "minecraft:slowness"
                        }
                    ]
                },
                {
                    "type": "minecraft:item",
                    "name": "minecraft:tipped_arrow",
                    "functions": [
                        {
                            "function": "minecraft:set_count",
                            "count": {
                                "min": 2,
                                "max": 12
                            },
                            "add": false
                        },
                        {
                            "function": "minecraft:set_potion",
                            "id": "minecraft:swiftness"
                        }
                    ]
                },
                {
                    "type": "minecraft:item",
                    "name": "minecraft:tipped_arrow",
                    "functions": [
                        {
                            "function": "minecraft:set_count",
                            "count": {
                                "min": 2,
                                "max": 12
                            },
                            "add": false
                        },
                        {
                            "function": "minecraft:set_potion",
                            "id": "minecraft:fire_resistance"
                        }
                    ]
                },
                {
                    "type": "minecraft:item",
                    "name": "minecraft:tipped_arrow",
                    "functions": [
                        {
                            "function": "minecraft:set_count",
                            "count": {
                                "min": 2,
                                "max": 12
                            },
                            "add": false
                        },
                        {
                            "function": "minecraft:set_potion",
                            "id": "minecraft:leaping"
                        }
                    ]
                },
                {
                    "type": "minecraft:item",
                    "name": "minecraft:tipped_arrow",
                    "functions": [
                        {
                            "function": "minecraft:set_count",
                            "count": {
                                "min": 2,
                                "max": 12
                            },
                            "add": false
                        },
                        {
                            "function": "minecraft:set_potion",
                            "id": "minecraft:invisibility"
                        }
                    ]
                },
                {
                    "type": "minecraft:item",
                    "name": "minecraft:tipped_arrow",
                    "functions": [
                        {
                            "function": "minecraft:set_count",
                            "count": {
                                "min": 2,
                                "max": 12
                            },
                            "add": false
                        },
                        {
                            "function": "minecraft:set_potion",
                            "id": "minecraft:night_vision"
                        }
                    ]
                }
            ]
        }
    ],
    "random_sequence": "hopo:chests/mineshaft/big_rooms/archer"
}