{
    "pools": [
        {
            "rolls": {
                "min": 2,
                "max": 4
            },
            "entries": [
                {
                    "type": "minecraft:loot_table",
                    "weight": 1,
                    "value": "hopo:chests/mineshaft/abandoned_miners_stuff"
                },
                {
                    "type": "minecraft:item",
                    "weight": 1,
                    "name": "minecraft:poppy",
                    "functions": [
                        {
                            "function": "minecraft:set_count",
                            "count": {
                                "min": 2,
                                "max": 4
                            },
                            "add": false
                        }
                    ]
                },
                {
                    "type": "minecraft:item",
                    "weight": 1,
                    "name": "minecraft:iron_ingot",
                    "functions": [
                        {
                            "function": "minecraft:set_count",
                            "count": {
                                "min": 3,
                                "max": 6
                            },
                            "add": false
                        }
                    ]
                },
                {
                    "type": "minecraft:item",
                    "weight": 1,
                    "name": "minecraft:pumpkin_seeds",
                    "functions": [
                        {
                            "function": "minecraft:set_count",
                            "count": {
                                "min": 2,
                                "max": 4
                            },
                            "add": false
                        }
                    ]
                },
                {
                    "type": "minecraft:item",
                    "weight": 1,
                    "name": "minecraft:raw_iron",
                    "functions": [
                        {
                            "function": "minecraft:set_count",
                            "count": {
                                "min": 3,
                                "max": 6
                            },
                            "add": false
                        }
                    ]
                },
                {
                    "type": "minecraft:item",
                    "weight": 1,
                    "name": "minecraft:shears",
                    "functions": [
                        {
                            "function": "minecraft:set_damage",
                            "damage": {
                                "min": 0.1,
                                "max": 0.3
                            },
                            "add": false
                        }
                    ]
                }
            ]
        }
    ],
    "random_sequence": "hopo:chests/mineshaft/big_rooms/iron_golem"
}